,Nome,LocalizaÃ§Ã£o,Data,Tweet,classe
0,xanafdc,,2021-01-15 20:53:35,"RT @sabiafalandu: NÃ£o Ã© sexo, nÃ£o Ã© beleza, nÃ£o Ã© dinheiro, nÃ£o Ã© filho. Apenas 3 coisas mantÃ©m um relacionamento, amor, respeito e honestiâ€¦",amor
1,AGUSTDVI0R,ela/dela.,2021-01-15 20:53:34,"RT @anakkth: âš ï¸âš ï¸âš ï¸âš ï¸âš ï¸âš ï¸PELO AMOR DE DEUS ME AJUDEM A EXPLANAR ESSE NOJENTO, VI NOS STORIES MAS A GENTE PRECISA PARAR ELE. COMPARTILHEM!!!â€¦",amor
2,giulia_rocinha,"Rocinha, Rio de Janeiro",2021-01-15 20:53:34,@borgesog vc Ã© amorğŸ˜­,amor
3,eiIishu,,2021-01-15 20:53:34,@littlebiah_ @charlidamelio ela Ã© um amor,amor
4,_mykelf,Hell,2021-01-15 20:53:33,@matxcosta Para de pensar em like mulher pelo amor,amor
5,laraguiidi,,2021-01-15 20:53:33,@vitoria_luaa A carapuÃ§a serve nÃ© meu amor ğŸ¥°ğŸ¥°ğŸ¥°ğŸ¥°ğŸ¥°ğŸ¥°ğŸ¥°ğŸ¥°ğŸ¥°,amor
6,_elsa_barbosa_,,2021-01-15 20:53:33,"RT @_beatrzx: dar amor nunca Ã© em vÃ£o, tenho amor p dar e vender, por mim tava sempre a espalhar amor. Nnc perdemos, quem perde Ã© quem nÃ£oâ€¦",amor
7,3_14159QUeNo,Portugal,2021-01-15 20:53:33,"RT @_marianaflopes: VÃ£o por amor de deus votar, eu imploro-vos que votem.",amor
8,vanessa_grazz,"Manaus, Amazonas",2021-01-15 20:53:33,"Criou seus filhos com muita dificuldade, mas com muito amor. Falava pra todo mundo do filho, que fez medicina em Cuâ€¦ https://t.co/fK8lMgCbSw",amor
9,JapaGimenes,,2021-01-15 20:53:33,"RT @gjusti: nÃ£o to falando de amor, ta doida?
Ã© que a gente combina melhor sem roupa",amor
10,uaremyonething,â€ =â¤ï¸,2021-01-15 20:53:33,RT @Dthay_S: @whindersson Gente pelo amor de Deus. Meu tio que mora em MANAUS estÃ¡ com covid e com 50% do pulmÃ£o comprometido. Eu moro no Câ€¦,amor
11,cocovalutz,,2021-01-15 20:53:32,"RT @gcforjimeo: *jungkook desmaia*

yoongi: e agora?

hobi: PELO AMOR DE DEUS O QUE A GENTE FAZ AGORA?

jimin: fica calmo, vou fazer uma reâ€¦",amor
12,thaixcar,"ParanÃ¡, Brasil",2021-01-15 20:53:32,@Gaabvitoriaa Amor,amor
13,binacarpent,Estados Unidos,2021-01-15 20:53:32,@bendelaarte MUITO LINDO MEU AMOR PQP,amor
14,carolmunhoz11,,2021-01-15 20:53:32,Caramba team one fecha logo esse mapa pelo amor,amor
15,crystalcosta28,,2021-01-15 20:53:32,RT @dxazzoni: Passa ano e o pessoal continua nessa de comprar cachorro/gato pra ter a raÃ§a â€œdos sonhosâ€ enquanto tem milhares de vira latasâ€¦,amor
16,crf_evellyn8,no seu coraÃ§Ã£o ,2021-01-15 20:53:32,"RT @agorasoumamae: quando eu olho pro meu filho eu vejo o amor de Deus por mim, meu filho Ã© perfeito!!!!!!!  â¤ï¸ğŸ˜­",amor
17,_kekel__,"Sobral, Brasil",2021-01-15 20:53:31,"@Amassyxups @brigdes_ amor jÃ¡ enviei meu cilindro de oxigÃªnio, jÃ¡ vc fez o que mesmo? ğŸ¤”",amor
18,mandarodrigues,"Rio de Janeiro, Brasil",2021-01-15 20:53:31,"cara eu fiquei em frangalhos com essa notÃ­cia... tÃ´ sentindo dor fÃ­sica sÃ©rio...
pelo amor de Deus... meu Pai... maâ€¦ https://t.co/Kz6Y8qD47B",amor
19,phaely1987,complexo do alemÃ£o ğŸ€,2021-01-15 20:53:30,"RT @sabiafalandu: NÃ£o Ã© sexo, nÃ£o Ã© beleza, nÃ£o Ã© dinheiro, nÃ£o Ã© filho. Apenas 3 coisas mantÃ©m um relacionamento, amor, respeito e honestiâ€¦",amor
20,wallsRUmine,5SOS,2021-01-15 20:53:30,@wallsoneh @anajcalm Amor sÃ©rio ta horrÃ­vel     KKKKKKKKKK,amor
21,Dudinhaa820,"ParanÃ¡, Brasil",2021-01-15 20:53:30,"@sarahelen01 vou sim meu amor, te amooğŸ¥ºğŸ’–",amor
22,re52134052,,2021-01-15 20:53:29,RT @juliacrrz: sou fofocasexual gosto de me relacionar com pessoas fofoqueiras daquelas que eu chego: amor nem te conto e ela: conta sim naâ€¦,amor
23,julia_crf19,MaracanÃ£,2021-01-15 20:53:28,@kelvincrff irei amor,amor
24,Jacque_sousaa,AbenÃ§oada demais pra reclamarâœ¨,2021-01-15 20:53:28,"RT @agorasoumamae: quando eu olho pro meu filho eu vejo o amor de Deus por mim, meu filho Ã© perfeito!!!!!!!  â¤ï¸ğŸ˜­",amor
25,melfmic,"ğŸ’¥, ğŸ­, ğŸ», ğŸœ, ğŸ¯",2021-01-15 20:53:28,"@everlastingrbr @arrobasofrida @koumabuchie @omeuluar Amor pq vc tÃ¡ na defensiva? Oxe. Eu nÃ£o vi isso, sÃ³ disse queâ€¦ https://t.co/Y7frfmUJMp",amor
26,LEOLIMA_MA,Fortaleza-ma,2021-01-15 20:53:28,"@marcofeliciano @ArthurLira_ @RodrigoMaia Deputado, pelo amor que vocÃª e seus pares tem ao Brasil, sejam sagaz nestâ€¦ https://t.co/adYdednAC9",amor
27,mmalfoyyy,Hogwarts ,2021-01-15 20:53:27,"RT @aeIinfenrys: â€œnÃ£o gosto da Aelin Galathynius"" entendi.

nÃ£o gosta do que mais???

amor??? educaÃ§Ã£o e saÃºde??? minorias??? amazÃ´nia??? vâ€¦",amor
28,_brswan,"FlorianÃ³polis, Brasil",2021-01-15 20:53:27,@rribeirocarla tais melhor amor??,amor
29,gvnnjk,absent. ğ–¤ ğ˜¯ğ˜´ğ˜§ğ˜¸,2021-01-15 20:53:27,@waidovar pelo amor de dee- ğŸ¤§,amor
30,gyucelest,,2021-01-15 20:53:27,@TXT_members MEU AMOR EU TE AMO TANTO,amor
31,j_loupes,SP-Capital,2021-01-15 20:53:27,"@trajaza Olha, eu nÃ£o poderia dizer que Ã© pra mim pois sou nova ainda e sinto que  tenho muitas coisas pra fazer anâ€¦ https://t.co/rdPlkDD8mK",amor
32,Ljn223,,2021-01-15 20:53:26,"@drumondclara Meu amor, dou atÃ© 1000 se precisar...",amor
33,galaxyforbts,Bangtan world Mundin da Fabi â™¡,2021-01-15 20:53:26,@gowoncokes boa tarde meu amor,amor
34,eaiirosa,"Curitiba, Brasil",2021-01-15 20:53:26,RT @larespq: pelo amor de Deus eu preciso tomar uma bera,amor
35,lovehyunjinnie,Ë¢áµá¶» áµáµ’áµ—â· áµ—Ê³áµ‰áµƒË¢áµ˜Ê³áµ‰,2021-01-15 20:53:26,"@linopoetry manu me da agonia KJKKKK ele pisca em TUDO com o MESMO olho

alguÃ©m ensina ele a piscar com o outro ouâ€¦ https://t.co/A2yIRDtsv9",amor
36,biazita28,,2021-01-15 20:53:26,"RT @Laysspaula: AvÃ³ paterna nunca vai ser igual avÃ³ materna, o amor Ã© diferente. Isso eu nÃ£o tenho dÃºvidas!!",amor
37,AtchimSantinha,Hogwarts,2021-01-15 20:53:25,"RT @_marianaflopes: VÃ£o por amor de deus votar, eu imploro-vos que votem.",amor
38,illyriamren,Stars Hollow,2021-01-15 20:53:25,gente pelo amor Ã© FRANCHAEL tem nada de micesca nÃ£o faz favor,amor
39,mariaparanhoss,trÃªs rios ,2021-01-15 20:53:25,"pelo amor, me tira de casağŸ˜”ğŸ˜”ğŸ˜”ğŸ˜”ğŸ˜”",amor
40,Natylima12_,,2021-01-15 20:53:25,"RT @maarimagri: Hoje minha psicÃ³loga disse que a maior prova de amor que podemos dar a alguÃ©m, Ã© deixar que essa pessoa se sinta confortÃ¡veâ€¦",amor
41,daphnekIuger,o8,2021-01-15 20:53:24,@anyatlcrjoy exatamente amor mas se fosse mais curto seria melhor!!,amor
42,takingomezz,evermore track 13,2021-01-15 20:53:24,"selenators estadunidenses pelo amor de Deus sejam Ãºteis ao menos uma vez comprem essa mÃºsica eu to implorando 

BUY DE UNA VEZ ON ITUNES",amor
43,lamf992,Paraguay,2021-01-15 20:53:24,"RT @Marcela97853859: Minha bucetinha estÃ¡ molhada...ğŸ˜ˆğŸ˜
VocÃª quer ver amor ?? Da RT https://t.co/IXAcuj307K",amor
44,tzulost,ï½·â €ğŸ¿ğŸ½â €Ë“â €ğ—†ğ—‚â €Ö¶Ö¸Ö´â €ë‚˜â €âŠ¹â €ğŸ§ğ“ˆ’ ,2021-01-15 20:53:23,"RT @onceree: SANA E MOMO TENHAM PIEDADE DAS SUAS CADELINHAS PELO AMOR DE DEUS 
https://t.co/cysaqMPPLw",amor
45,diangelosart,dua. sun.,2021-01-15 20:53:23,acho que todo mundo do team luke dropou a invasÃ£o pelo amor de deus eu nao aguento mais https://t.co/QXj7RUaVRZ,amor
46,pedrohnrque,,2021-01-15 20:53:23,@letxipretinha se meu amor fosse tudo vc n teria nada,amor
47,thaylortriunfo,Complexo de Caxias ğŸ‡­ğŸ‡·,2021-01-15 20:53:22,RT @emilly_skar: Pensando bem acho que todo mundo merece a sorte de um amor recÃ­proco. Aquele sentimento que te faz sentir frio na barrigaâ€¦,amor
48,EmilayniB,,2021-01-15 20:53:22,"@VidaFeliz28 @deisisteinbach Doeu oq macho? pelo amor KKKKKK pode me chamar doq quiser, felizmente minha imagem nÃ£oâ€¦ https://t.co/qegpRluYuM",amor
49,Mi10Rita,SlytherpuffğŸğŸ¦¨// {she/her},2021-01-15 20:53:22,"RT @articdrxco: *em hogwarts*

draco: *abre a geladeira furioso* QUEM FOI Q COMEU A MINHA TORTA?? EU VOU MATAR ESSA PESSOA

blaise: nÃ£o fuiâ€¦",amor
50,VictorR47715056,,2021-01-15 20:53:21,Aonde tÃ¡ o amor da minha vida?,amor
51,RIKIELITO,"SAN LUIS POTOSI, MEXICO",2021-01-15 20:53:21,âœŒğŸ¼ Rigo es amor ! https://t.co/m1j7oorNhu,amor
52,Alwaysxoned,home w/you ,2021-01-15 20:53:21,@hwwalls94 @loueicopyss AMOR VC LEMBROOOOU,amor
53,Amannda0_,"Carazinho, Brasil",2021-01-15 20:53:21,"@itgisele_ Se ele nÃ£o dÃ¡ bola pra ti eu douuu,parabÃ©ns meu amor,estou orgulhosa de ti e sempre estive â¤ï¸",amor
54,jaelzinhaxyz,princess park	,2021-01-15 20:53:21,"RT @remzslupin: â€œnÃ£o gosto de jogos vorazes"" entendi. 

nÃ£o gosta do que mais?

amor? educaÃ§Ã£o e saÃºde? minorias? amazÃ´nia? vai fazer oq deâ€¦",amor
55,briiellabella,"Jardim AmÃ©rica, Rio de Janeiro",2021-01-15 20:53:20,"antes de te encontrar
o mundo nÃ£o tinha cor
quero te dizer
teu amor mudou minha vida
amo vocÃª demais
te peÃ§o, por fâ€¦ https://t.co/JQsN4mjWt2",amor
56,KayraRibas,,2021-01-15 20:53:19,PELO AMOR DAS DEUSAS EU PRECISO DIVIDIR SPOTIFY COM ALGUÃ‰M,amor
57,SGWRMOM,##.AKU  é¦™ã‚Šã®ã‚ˆã„é«ªã®ã‚¨ãƒ¢!! ğŸ—¯ï¸™S0UK0KU% è«è¨ªåšäººã¨è…åŸå­æ”¯ã¯æ²»ç™‚æ³•ã§ã¯ãªã„ â˜…##.Kğ–£ SHI B0T  â€â€¢á·„à¡‡â€¢á·… ç§ã®çŒ«ã¯ç§ã®äººç”Ÿã§ã™ MEW_#1OO N3K0 A1â€£ fan acc,2021-01-15 20:53:19,"RT @kurokeein: *kuroo desmaia*

akaashi: e agora?

bokuto: PELO AMOR DE DEUS O QUE A GENTE FAZ AGORA?

kenma: fica calmo, vou fazer uma resâ€¦",amor
58,icekkj,:(:,2021-01-15 20:53:19,mano--- ru to com 1400 pa e nao consigo jogar amor doce pq falar DUAS MOEDAS PRA COMPRAR A MERDA DA ROUPA Q ODIO,amor
59,caduzito,"Minas Gerais, Brasil",2021-01-15 20:53:19,"@neeiami Obrigado pelo incentivo, amor!!! 
Quem sabe Deus nÃ£o reservou isso pra mim rsrs",amor
60,houisangelic,,2021-01-15 20:53:19,@CarlosBolsonaro vocÃª putinha ta desempregada na pandemia e aÃ­ fica com tempo livre pra falar merda na internet...â€¦ https://t.co/dRDhWO6WpH,amor
61,fulIberry,he/him,2021-01-15 20:53:18,@LittleMix o meu amor,amor
62,dieguitoszz,,2021-01-15 20:53:18,RT @cool4mysummer: Lovatics pelo amor de deus nao sejam sujos igual outros fandom vamos evitar de descer tao baixo e continuar espalhando oâ€¦,amor
63,dedablia,MarÃ­lia,2021-01-15 20:53:17,Ã‰ uma relaÃ§Ã£o de amor e Ã³dio,amor
64,raylasword,boiling isles,2021-01-15 20:53:17,cÃºpido filho da puta enfia o amor no cu e gira ate sair pelo nariz caralho,amor
65,lulinhalivreja,,2021-01-15 20:53:17,@RodrigoMaia @davialcolumbre Pelo amor de Deus impeachment de Bolsonaro!,amor
66,AkemydiChave,Brasil,2021-01-15 20:53:17,"RT @coldfeyli: â€œnÃ£o gosto da feyre archeronâ€ entendi. 

nÃ£o gosta do que mais?

amor? educaÃ§Ã£o e saÃºde? minorias? amazÃ´nia? vai fazer oq deâ€¦",amor
67,wyemue_,"ChapecÃ³, Brasil",2021-01-15 20:53:17,"RT @leavesope: me sinto pÃ©ssima quando involuntariamente demonstro sentimentos como: amor, ciÃºmes e inseguranÃ§a. na minha cabeÃ§a ninguÃ©m prâ€¦",amor
68,Opa_Vitorinha,"ItaboraÃ­, Brasil",2021-01-15 20:53:17,aquele amor gostoso faz de novo comigo,amor
69,yerodanal,,2021-01-15 20:53:16,RT @littlegynt: casais que se um dia se separarem vÃ£o fazer eu parar de acreditar no amor https://t.co/MZA7qlX7gr,amor
70,LucaSallesGomes,"MÃ©ier, Rio de Janeiro",2021-01-15 20:53:16,"Eu nÃ£o aguento mais so trabalhar e na minha folga ficar trancado em casa, pelo amor de Deus, quero uma resenha c cerva, Ã© pedir dms?",amor
71,Ketlyn44mermaid,"Rio de janeiro, Ramos ",2021-01-15 20:53:16,"RT @beatrizprtg: e a sensaÃ§Ã£o de estar em casa, um vinho, conversa fiada, sexo bom.....c amor envolvido... uma nova fase da vida, nÃ£o dÃ¡ teâ€¦",amor
72,ljcutix,"Boston, NY",2021-01-15 20:53:16,"Eu sonhei com Marie, eu sonhei com uma garotinha que me chamava de mÃ£e.
Ela era tÃ£o linda, com olhos cor de mel, caâ€¦ https://t.co/IVuysY4a9n",amor
73,cherryholIand,,2021-01-15 20:53:16,@blaketini demais amor a maior da dÃ©cada  https://t.co/O9bKLoDQKE,amor
74,highnbr8k3,ğ—ğ–ºğ—…ğ—…ğ—¿ğ—¼ğ˜€ğ—².,2021-01-15 20:53:16,"@solleury Obrigado, amor. ğŸ¥º",amor
75,ilyvcut,JJK1,2021-01-15 20:53:16,@Iastgk old amor avisa,amor
76,gomezshield,ela/dela âˆ  Ë¢áµ Ë‘ áµáµƒÊ³áµ›áµ‰Ë¡,2021-01-15 20:53:16,"@PortalSelenaBR portal pelo amor de deus me nota, eu criei um site com playlist de stream

STREAM DE UNA VEZ
https://t.co/yAAPPbgpT3",amor
77,94sglossy,ğŸ“–â¥‡2/45,2021-01-15 20:53:16,"@spiderogerz sim, comigo foi exatamente assim, mas depois a minha relaÃ§Ã£o com ele mudou para puro amor, sÃ³ queria proteger meu bebÃª ğŸ¥ºğŸ¥º",amor
78,ryukscar,"jesse, jenny&dressa",2021-01-15 20:53:15,"RT @anakkth: âš ï¸âš ï¸âš ï¸âš ï¸âš ï¸âš ï¸PELO AMOR DE DEUS ME AJUDEM A EXPLANAR ESSE NOJENTO, VI NOS STORIES MAS A GENTE PRECISA PARAR ELE. COMPARTILHEM!!!â€¦",amor
79,trixsavari,"BrasÃ­lia, Brazil",2021-01-15 20:53:15,RT @itsgarciabitchh: amigos de 16+ &gt;&gt;&gt;&gt;&gt;&gt;faÃ§am o tÃ­tulo de eleitor esse ano&lt;&lt;&lt;&lt;&lt;&lt;&lt; NAO DEIXEM pra fazer em ano de eleiÃ§Ã£o presidencial peloâ€¦,amor
80,gxbgol,077 ,2021-01-15 20:53:15,@itsvoltan pq amor,amor
81,_Night__Dreams_,{ ğŸ’ŒğŸ–‡  }      â™¡ï¾  #ğ’ƒğ’Šğ’ˆğ’ƒğ’‚,2021-01-15 20:53:15,Como Ã© que entra em uma dr pelo amor?,amor
82,prremanuel,,2021-01-15 20:53:14,RT @mandarj24: Piscininha amor ğŸ¥µğŸ”¥ https://t.co/CK58L7QE6o,amor
83,BeatrizVigario,"Gondomar, Portugal",2021-01-15 20:53:14,"RT @_marianaflopes: VÃ£o por amor de deus votar, eu imploro-vos que votem.",amor
84,bolinha26676488,,2021-01-15 20:53:14,RT @MabHorse: imagina postar uma foto com ela com a legenda â€œte amo meu bemâ€ ou â€œte amo amorâ€ tchau....,amor
85,lidiiii11,ğŸğŸ“ğ’š.,2021-01-15 20:53:13,"""o amor Ã© a verdade do momento""",amor
86,leandrorizzutti,SÃ£o Paulo,2021-01-15 20:53:13,NÃ£o devemos desperdiÃ§ar os dons que nos foram dados. Devemos aproveitar todas as oportunidades e nÃ£o nos esquecer qâ€¦ https://t.co/0SfFAuPClu,amor
87,leekn0www,,2021-01-15 20:53:12,@jeongitos gostou amor ğŸ˜,amor
88,LipeCar75457260,,2021-01-15 20:53:12,"RT @Marcela97853859: Minha bucetinha estÃ¡ molhada...ğŸ˜ˆğŸ˜
VocÃª quer ver amor ?? Da RT https://t.co/IXAcuj307K",amor
89,larammira,,2021-01-15 20:53:12,"RT @_marianaflopes: VÃ£o por amor de deus votar, eu imploro-vos que votem.",amor
90,institu16870095,,2021-01-15 20:53:11,"a tag do impeachment estÃ¡ alta 
vamos desmentir toda essa armaÃ§Ã£o de inescrupulosos sem amor ao prÃ³ximo 
Tentam tirâ€¦ https://t.co/t1ir3OFmkH",amor
91,FoguinhoCal,"Norta, sÃ³ mais um segundo â™¥ï¸",2021-01-15 20:53:11,@BarrowMares Amor respira,amor
92,BahAN4s_,"SÃ£o Paulo, Brasil",2021-01-15 20:53:11,"RT @leavesope: me sinto pÃ©ssima quando involuntariamente demonstro sentimentos como: amor, ciÃºmes e inseguranÃ§a. na minha cabeÃ§a ninguÃ©m prâ€¦",amor
93,Aliice_28,"Realengo, Rio de Janeiro",2021-01-15 20:53:11,"@SiidneySantoss Te amo, amor! ğŸ¥°â¤",amor
94,dcosta3103,Portugal,2021-01-15 20:53:11,@_beatriztunes_ Amor da minha vida,amor
95,Nathali65343909,,2021-01-15 20:53:11,Ã‰ muito amor meu povooo https://t.co/qv4DEXOxy2,amor
96,CT2fSJwtorre,#MeuCaldeirÃ£o,2021-01-15 20:53:11,RT @VascodaGama: Para os verdadeiros cruzmaltinos! Nova camisa disponÃ­vel na @shopvascoonline para vocÃª carregar no peito a caravela e a crâ€¦,amor
97,orafafr,,2021-01-15 20:53:10,RT @robertsdowjrr: pelo amor de deus #ImpeachmentBolsonaroUrgente,amor
98,nathanzinsj33,sj td2,2021-01-15 20:53:10,hoje era sÃ³ ficar da melhor forma com meu amor kkkk nÃ£o tenho ainda mas vou ter,amor
99,VicM_Carvalho,,2021-01-15 20:53:10,meu amor deixa eu cuidar de vocÃª,amor
100,LoboTeresinha,"SÃ£o JosÃ© dos Campos, SÃ£o Paulo",2021-01-15 20:53:36,RT @slpng_giants_pt: O @bancopan sabe que investir sua publicidade em um canal no @YouTubeBrasil que incentiva a disseminaÃ§Ã£o de fake newsâ€¦,Ã³dio
101,gigivibezx,037,2021-01-15 20:53:36,@_gabrielmouraa_ nossa q Ã³dio vsf,Ã³dio
102,netovieiraa09,"GarÃ§a, Brasil",2021-01-15 20:53:36,@ilhaemingles ai que odio desse coronaaaaaaaaa,Ã³dio
103,Joym_araujo,BraganÃ§a,2021-01-15 20:53:36,"Sei lÃ¡, quero cortar o cabelo mas quero deixar crescer. Ã” Ã³dio.",Ã³dio
104,lesbospunk,SLYTHERIN ,2021-01-15 20:53:35,RT @pongocomics: ouvindo Slipknot com Ã³dio do mundo como nos meu 14 anos,Ã³dio
105,jjktelepthy,read carrd!,2021-01-15 20:53:34,namjoon e taehyung capaz que devem saber tbm o bichinho meu deeeeeeee que Ã³dio bts faz alguma coisa,Ã³dio
106,luizclaudiosena,Brasil,2021-01-15 20:53:34,TÃ´ arrepiado com essa mobilizaÃ§Ã£o pra Manaus mas com o sentimento de Ã³dio porque definitivamente NÃƒO era pra ser assim!!!!,Ã³dio
107,gfeitosa06,"Gama, BrasÃ­lia",2021-01-15 20:53:34,@lyzinhae Ã“dio viu,Ã³dio
108,nevesvictorr,"VitÃ³ria, Brasil",2021-01-15 20:53:33,@tthayee aÃ­ que capeta gente que Ã³dio,Ã³dio
109,cocovalutz,,2021-01-15 20:53:32,"RT @gcforjimeo: *jungkook desmaia*

yoongi: e agora?

hobi: PELO AMOR DE DEUS O QUE A GENTE FAZ AGORA?

jimin: fica calmo, vou fazer uma reâ€¦",Ã³dio
110,cheirozsa,trigÃªmeos ,2021-01-15 20:53:32,Ai que odio era so *** ****** ********,Ã³dio
111,_vitacs_,"MairiporÃ£, SP",2021-01-15 20:53:32,"RT @rafagabardo: Quanto esse homem foi eleito eu chorei de tristeza pela homofobia, pelo descaso, pelo discurso de Ã³dio mas juro que jamaisâ€¦",Ã³dio
112,badgalgix,"ParÃ¡, Brazil",2021-01-15 20:53:32,"exato momento em que o Ryan olhou p cÃ¢mera e ficou lindÃ­ssimo, q Ã“DIO https://t.co/WSihPSetGD",Ã³dio
113,Iuan_christian_,"SÃ£o LuÃ­s, Brasil",2021-01-15 20:53:31,"let, laysa e allan, qual tÃ¡ c mais Ã³dio de mim?????",Ã³dio
114,domynaqua,"Campo Grande, Rio de Janeiro",2021-01-15 20:53:31,AKKKKKKKKKKK QUE Ã“DIO https://t.co/xlnrw9fmQA,Ã³dio
115,xdamb,"Rio de Janeiro, Brasil",2021-01-15 20:53:30,essas rua tudo alagada dÃ¡ mÃ³ Ã³dio snrz!,Ã³dio
116,raycat_1,rj,2021-01-15 20:53:29,eu vou me mataarr q Ã³dio pq eu fiz isso mano???? muito burra,Ã³dio
117,Lais82753948,"SÃ£o Paulo, Brasil",2021-01-15 20:53:29,SÃ³ queria entender pq elas sentem tanto Ã³dio de mimğŸ¤¦ğŸ½â€â™€ï¸ğŸ¤·ğŸ½â€â™€ï¸.,Ã³dio
118,ttdasofi,"Salvador, Brasil",2021-01-15 20:53:28,RT @hanakhalil: eu to chorando de Ã³dio pensando exatamente nisso aqui,Ã³dio
119,emilysxz,ğŸ³ï¸â€ğŸŒˆ,2021-01-15 20:53:27,"@kkkktom sim, pra que que segue que Ã³dio",Ã³dio
120,valarknowles,katsuãƒŸshannaro,2021-01-15 20:53:26,AI Q Ã“DIO KKKKKKKKKKKKKKKKKK https://t.co/iuDUuUzSS6,Ã³dio
121,skatmrtell,ğš•ğš˜ğšœğšğš›ğšœ ğšŒğš•ğšğš‹,2021-01-15 20:53:26,@syrewolfhard sim amg q odio,Ã³dio
122,WNDERHOUIS,gabrielle â€¢ lara   ,2021-01-15 20:53:25,me desacostumei com o ari que odio,Ã³dio
123,BigNotoryous,,2021-01-15 20:53:24,"q Ã³dio
vendo todo mundo quotar esse menino que falou que a cardi abriu as portas do rap feminino, mas eu tÃ´ block eâ€¦ https://t.co/MLEpQQBlSj",Ã³dio
124,gy_vono,(ela/dela),2021-01-15 20:53:24,"nao aguento mais com o walt fazendo merda, vsf q odio mn
se o jesse morrer eu paro de assistir essa porra",Ã³dio
125,gramich,,2021-01-15 20:53:23,"A essa altura, eu acho que Bolsonaro sente mais Ã³dio de Doria do que de Lula https://t.co/EnVdHv2dlh",Ã³dio
126,rezen7e,,2021-01-15 20:53:23,"Cs dissemina Ã³dio ai p crl, e dps levanta altas bandeira, e dps ainda fala de hipocrisia ğŸ¤¬",Ã³dio
127,kaminarisbae,"isa, max & yas.",2021-01-15 20:53:23,@kurtaclansx EU FALEI QUE SIM E ELA DEU UM RISINHO VÃ‰I KKKKKKKK QUE Ã“DIO,Ã³dio
128,Gabrielsousa_c,"CearÃ¡, Brasil",2021-01-15 20:53:23,RT @slpng_giants_pt: O @bancopan sabe que investir sua publicidade em um canal no @YouTubeBrasil que incentiva a disseminaÃ§Ã£o de fake newsâ€¦,Ã³dio
129,DudaArroba,"Belo Horizonte, Brasil",2021-01-15 20:53:23,RT @emiefibb: eu cheguei num nÃ­vel de Ã³dio pelo bolsonaro que nÃ£o consigo nem mais ver os vÃ­deos dele falando suas merdas pq eu comeÃ§o a paâ€¦,Ã³dio
130,C0N4NFUCK,I-BUKI MIO-DA !!,2021-01-15 20:53:22,@loserparasempre que odio mari eu tava a cara dele nessa foto,Ã³dio
131,_jubstoledo,MG ,2021-01-15 20:53:21,nossa que Ã³dio,Ã³dio
132,albertooest,031,2021-01-15 20:53:20,Ã³dio.,Ã³dio
133,luizacanesso4,"Pretty Horizon, MG",2021-01-15 20:53:20,"RT @caetanocmendes: Denunciem essa conta, quem puder. Cansado desse discurso de Ã³dio nessa rede:",Ã³dio
134,switchyunggu,,2021-01-15 20:53:19,fui ver video da serie e to chorando de novo que odio,Ã³dio
135,SGWRMOM,##.AKU  é¦™ã‚Šã®ã‚ˆã„é«ªã®ã‚¨ãƒ¢!! ğŸ—¯ï¸™S0UK0KU% è«è¨ªåšäººã¨è…åŸå­æ”¯ã¯æ²»ç™‚æ³•ã§ã¯ãªã„ â˜…##.Kğ–£ SHI B0T  â€â€¢á·„à¡‡â€¢á·… ç§ã®çŒ«ã¯ç§ã®äººç”Ÿã§ã™ MEW_#1OO N3K0 A1â€£ fan acc,2021-01-15 20:53:19,"RT @kurokeein: *kuroo desmaia*

akaashi: e agora?

bokuto: PELO AMOR DE DEUS O QUE A GENTE FAZ AGORA?

kenma: fica calmo, vou fazer uma resâ€¦",Ã³dio
136,icekkj,:(:,2021-01-15 20:53:19,mano--- ru to com 1400 pa e nao consigo jogar amor doce pq falar DUAS MOEDAS PRA COMPRAR A MERDA DA ROUPA Q ODIO,Ã³dio
137,vitorodrgues,roÃ§a,2021-01-15 20:53:19,Ã³dio do governo da bahia,Ã³dio
138,joanalife_adry,ğŸ â€¢ ğŸ« â€¢ ğŸª â€¢ âš¡ â€¢ ğŸ¥¶,2021-01-15 20:53:19,"@astefanibays Sim, q Ã³dio viu",Ã³dio
139,lovcohan,hawkins - enfp.,2021-01-15 20:53:19,@tonksdarling MINHA CASA NAO TEM SILÃŠNCIO NEM POR 1 SEGUNDO QUE ODIO,Ã³dio
140,vacinaeu,"Uberaba, Brasil",2021-01-15 20:53:19,"Ã‰ difÃ­cil testemunhar tudo o que acontece nesse paÃ­s e nÃ£o ser tomada pelo Ã³dio. Quem nÃ£o tÃ¡ surtando, deve estar mâ€¦ https://t.co/i7UzRvtIbR",Ã³dio
141,dieguitoszz,,2021-01-15 20:53:18,RT @cool4mysummer: Lovatics pelo amor de deus nao sejam sujos igual outros fandom vamos evitar de descer tao baixo e continuar espalhando oâ€¦,Ã³dio
142,zjmgerman,,2021-01-15 20:53:17,"RT @KS2ksksks: @lumitybby ""amo os LGBT povo animado""

Comunidade lgbt: Ã³dio",Ã³dio
143,_crfcaroline,,2021-01-15 20:53:17,"tudo do meu pai Ã© ""isso Ã© treta"" porra, que Ã³dio",Ã³dio
144,dedablia,MarÃ­lia,2021-01-15 20:53:17,Ã‰ uma relaÃ§Ã£o de amor e Ã³dio,Ã³dio
145,oursatoru,ï¹ŸğŸ’¢! æ•™è‚²ã¯äººã€…ã«ç‰©äº‹ã‚’å®Ÿç¾ã•ã›ã¦ã„ã¾ã™ã€‚jujutsuÂ ğ—ğ—”ğ—œğ—¦ğ—˜ğ—¡ ç§ã¯ä¸€åº¦ã‚‚ã‚ãªãŸã‚’æ•‘ã£ãŸã“ã¨ã‚’å¾Œæ‚”ã—ãŸã“ã¨ã¯ã‚ã‚Šã¾ã›ã‚“ã€‚ ENTP 8w7 !,2021-01-15 20:53:17,@aspirajeno lhe falta odio,Ã³dio
146,gugakindur,Borda da Terra Plana,2021-01-15 20:53:15,RT @slpng_giants_pt: O @bancopan sabe que investir sua publicidade em um canal no @YouTubeBrasil que incentiva a disseminaÃ§Ã£o de fake newsâ€¦,Ã³dio
147,trostes,Juiz de Fora - MG,2021-01-15 20:53:14,"RT @rafagabardo: Quanto esse homem foi eleito eu chorei de tristeza pela homofobia, pelo descaso, pelo discurso de Ã³dio mas juro que jamaisâ€¦",Ã³dio
148,targinooeduarda,021 ğŸŒ´,2021-01-15 20:53:14,"esqueci a porra do meu carregador no carro, q Ã³dio",Ã³dio
149,netovieiraa09,"GarÃ§a, Brasil",2021-01-15 20:53:14,"pensando bem, a performance de monster no AMAS foi a pior da noite, justin e shawn nÃ£o fizeram nada demais, sÃ³ ficaâ€¦ https://t.co/kFWH9ajDMh",Ã³dio
150,Re_nunex,"ParanaguÃ¡, Brasil",2021-01-15 20:53:13,"e meu celular que bugou, que Ã³dio",Ã³dio
151,caloremilone,aâ´ dÂ² eÂ³ hÂ¹ jÂ² lâ´ mÂ³ nÂ² rÂ²,2021-01-15 20:53:13,@1usk4 KKKKK Q ODIO MEU DEUS,Ã³dio
152,JNG099,!ğŸ’ğŸ%Â¡ ğ—¶ğ—»ğ˜ğ—²ğ—¿pretative,2021-01-15 20:53:12,QUE Ã“DIO DJAKDNSKDJ https://t.co/3fesY97gSA,Ã³dio
153,dear_btsgalaxy,7 - 1 = 0 ~ d/ela,2021-01-15 20:53:12,"RT @brazilhoope: hoje eu tÃ´ tÃ£o mas tÃ£o esgotada e irritada que sei lÃ¡, sÃ³ o jungkook aparecendo pra me curar do Ã³dio",Ã³dio
154,stclaraclareou,purgatÃ³rio da beleza e do caos,2021-01-15 20:53:12,RT @homosapains: o carioca adora uma presepada nÃ© que Ã³dio de ser,Ã³dio
155,lv_angelipb,Lins ,2021-01-15 20:53:12,nossa cheguei em casa sÃ³ o Ã³dio,Ã³dio
156,pabrinkkkkjj,tou perdido por aÃ­...,2021-01-15 20:53:12,PORRA EU TOU SÃ“ ESTRAGANDO A ALEGRIA DOS OUTROS PQP QUE Ã“DIO NA MORAL,Ã³dio
157,Ehopj1,(ele/dele),2021-01-15 20:53:12,O cra Ã© uma besta enjaulada com Ã³dio,Ã³dio
158,ttdaraai,,2021-01-15 20:53:11,Cheia de Ã³dio,Ã³dio
159,arrioladuda,,2021-01-15 20:53:11,soubesse tinha ido co pai ja sfd q Ã³dio.,Ã³dio
160,_rafa_fer_,CTW,2021-01-15 20:53:11,"EU TENHO Ã“DIO de pia que fica se pagando de romantico apaixonado pra uma pa de mina sÃ³ pra dar golpe, amado vai a merda",Ã³dio
161,pikadilha_devil,"Belo Horizonte, Brasil",2021-01-15 20:53:11,Ã‰ um pecado a Netflix ter feito so 5 episÃ³dios da primeira temp de Lupin pqp q odio,Ã³dio
162,ralid65,"CearÃ¡, Brasil",2021-01-15 20:53:10,RT @slpng_giants_pt: O @bancopan sabe que investir sua publicidade em um canal no @YouTubeBrasil que incentiva a disseminaÃ§Ã£o de fake newsâ€¦,Ã³dio
163,_anasdarling,Formosa-Go,2021-01-15 20:53:10,RT @giparisan: NÃ£o vejo a hora de comeÃ§ar o bbb pra eu poder ocupar minha cabeÃ§a com outra coisa alÃ©m de sentir Ã³dio do Bolsonaro,Ã³dio
164,Rt_castilho,"Vaz Lobo, Rio de Janeiro",2021-01-15 20:53:10,"Minha cara de Ã³dio nÃ£o muda e ja me entrega logo, pqp ğŸ˜¡ğŸ˜¡ğŸ˜¡",Ã³dio
165,BarbieCaminhon2,,2021-01-15 20:53:09,Ã“dio  de quando da coceira  no pÃ©  e tÃ´ de tÃªnis,Ã³dio
166,lukeinfurs,"zona leste, sp ğŸ‡§ğŸ‡·",2021-01-15 20:53:09,@br00talKeeper que Ã³dio eu li com a voz dele,Ã³dio
167,xbxjpg,insta: xbx.jpg,2021-01-15 20:53:09,esse Ã© o Ã³dio n1 da minha vida https://t.co/hECEvzIyXt,Ã³dio
168,annehathawayr,"bates motel, dc",2021-01-15 20:53:09,"RT @luahiddleston: eu nÃ£o concordo com isso de ""o dean nÃ£o queria o sam casando com a eileen"" porque o sam tava feliz com ela e tudo que oâ€¦",Ã³dio
169,ahmarialuiza,bxd - rj,2021-01-15 20:53:09,"RT @ogalista: @radiobandnewsfm NÃ£o adianta mostrar mil provas. Quem ainda apoia o Bolsonaro depois de tudo isso, nÃ£o estÃ¡ nem aÃ­ para a vidâ€¦",Ã³dio
170,vitinhocouti,"MauÃ¡, Brasil",2021-01-15 20:53:08,@zmatheww q Ã³dio fico malr,Ã³dio
171,tuitanay,pvhell/opo,2021-01-15 20:53:07,"acabei wandavision agora vou ficar ansiosa por uma semana atÃ© sair o prÃ³ximo ep, no pique de quando eu tava vendo the boys q Ã³dio",Ã³dio
172,24gabriel_,"Duque de Caxias, Brasil",2021-01-15 20:53:06,"Q Ã³dio da cr do LÃ¡zaro ele entra nas redes social dele no meu cel e dps ficar chegando notificaÃ§Ã£o, ğŸ™„ğŸ¤¦ğŸ»â€â™‚ï¸",Ã³dio
173,vvsccp,"Jardim Ã‚ngela, SÃ£o Paulo",2021-01-15 20:53:04,@_lauramedri eu amo chupar uma bomba????? KKKKKKKKKKKK q odio,Ã³dio
174,IFSCHARLEA,miles,2021-01-15 20:53:04,qria tanto postar essas fotos aqui Q ODIO,Ã³dio
175,JBechelloone,  ğŸ°,2021-01-15 20:53:04,"RT @Monique1santana: Vi a reportagem agr e me deu um Ã³dio tÃ£o grande, falando que os cr mataram os meninos por causa que roubaram uma gaiolâ€¦",Ã³dio
176,Cassian11268763,dentro de casa,2021-01-15 20:53:03,A eterna obsessÃ£o fÃ¡lica do gabinete do Ã³dio. https://t.co/ftB4fGD3EF,Ã³dio
177,umbrellerxstan,"New York, USA",2021-01-15 20:53:03,"@sinkgleice eu diria relaÃ§Ã£o de amor e Ã³dio, e agr Ã© sÃ³ amor 

https://t.co/4JDupGBUec",Ã³dio
178,mcsgrey,she/her,2021-01-15 20:53:03,n me dÃ£o in em nenhum squad de friends Ã“DIO vou criar um entÃ£o,Ã³dio
179,lollyinmusic,"SÃ£o Paulo, Brasil",2021-01-15 20:53:01,eu que jÃ¡ chorei horrores por algo que nem sei se vai acontecer aÃ­ que Ã³dio todo dia isso,Ã³dio
180,Jujudoodledump,,2021-01-15 20:53:01,A WIG QUE EU COMPREI PRA MT LADY Ã‰ UMA LOIRA ODONTOKKKKKKKK QUE ODIO https://t.co/iKJ9md3np6,Ã³dio
181,hhabitxstyless,ğŸ‡µğŸ‡¹,2021-01-15 20:53:01,RT @marwanpride: VEI EU AMO ESSA RELAÃ‡ÃƒO GENUÃNA DE FRATERNIDADE QUE ELES TÃŠM QUE Ã“DIO https://t.co/1LFyl86Ph0,Ã³dio
182,biadelvalle,"Rio de Janeiro, Brasil",2021-01-15 20:53:01,NÃ£o dÃ¡ com Bruno kkkkkkkkkkkkkque Ã³dio,Ã³dio
183,maiaranunescrf,,2021-01-15 20:53:00,@leveaguiarr Cara muito isso!!! Que Ã³dio do IG mas nÃ£o consigo sair de lÃ¡,Ã³dio
184,strawberrybl1nk,!ot4â™¡,2021-01-15 20:53:00,NÃ£o tem coisa que me dÃ¡ mais odio que abusador e pessoa que tenta justificar e defender o abusador,Ã³dio
185,iamkauaxo,"Osaka-shi Konohana-ku, Osaka",2021-01-15 20:52:59,nao consigo fazer um tweet de odio,Ã³dio
186,edciro,,2021-01-15 20:52:59,RT @cvezinha: amiga vocÃª que tem dinheiro doa e eu que nÃ£o tenho instigo o Ã³dio contra os culpados com a divisÃ£o de funÃ§Ãµes na equipe vamosâ€¦,Ã³dio
187,cleytonlea,"BelÃ©m, Brasil",2021-01-15 20:52:59,"RT @saritacoelho: HÃ¡ 862 dias, um ex-integrante do partido de Freixo tentou assassinar o Bolsonaro. O Ã³dio Ã© um mÃ©todo dessa gente que nosâ€¦",Ã³dio
188,PenteadoProf,,2021-01-15 20:52:59,RT @slpng_giants_pt: O @bancopan sabe que investir sua publicidade em um canal no @YouTubeBrasil que incentiva a disseminaÃ§Ã£o de fake newsâ€¦,Ã³dio
189,uchihahaise,#ãƒãƒ¼ãƒŠ: ã‚ãªãŸã¯äººã€…ãŒæŒã£ã¦ã„ã‚‹æœ€ã‚‚åŸå§‹çš„ãªæ„Ÿæƒ…ãŒä½•ã§ã‚ã‚‹ã‹çŸ¥ã£ã¦ã„ã¾ã™ã‹ï¼Ÿ ãã‚Œã¯æã‚Œã§ã™ã€‚.,2021-01-15 20:52:58,que Ã³dio toda hora aparece coisa de dr stone e eu fiz uma promessa comigo mesma que sÃ³ ia comeÃ§ar outro anime quandâ€¦ https://t.co/mVKw1Dnu5e,Ã³dio
190,llorracsa,"VitÃ³ria da Conquista, Bahia ",2021-01-15 20:52:58,"RT @MeteOloko__cmg: Meu Ã³dio pelo governo tÃ¡ a um nÃ­vel absurdo, nÃ£o acredito q vou perder o Enem por incompetÃªncia de qm criou o sistema dâ€¦",Ã³dio
191,bebeld,"Sao Paulo, Brazil",2021-01-15 20:52:58,@LucianoHuck A CARA DE PAU NAO QUEIMA NAO NE?? NA HORA DE ELEGER ESSE SOCIOPATA GENOCIDA TAVA LA TIRANDO FOTINHA JUâ€¦ https://t.co/X1uz2tXCkW,Ã³dio
192,godxhyo,once | fan account,2021-01-15 20:52:57,"RT @gcforjimeo: *jungkook desmaia*

yoongi: e agora?

hobi: PELO AMOR DE DEUS O QUE A GENTE FAZ AGORA?

jimin: fica calmo, vou fazer uma reâ€¦",Ã³dio
193,RayssaNyari1,,2021-01-15 20:52:57,@Jotavediniz @etserbu NO MEU ANIVERSÃRIO KKKKKKKKKKKKKKKKK que Ã³dio,Ã³dio
194,livia_0liveira,"PetrÃ³polis, Brasil",2021-01-15 20:52:56,Cheia de Ã³dio,Ã³dio
195,Anderso25837939,,2021-01-15 20:52:54,"RT @samydana: Toda vez que publico algo, algum avatar ou militante da turma do ""Ã³dio do bem"" ironiza sobre o modelo que fizemos sobre o picâ€¦",Ã³dio
196,ferreiraa__ale,,2021-01-15 20:52:54,RT @F0T0S0: ela contando o passado dela // eu so observando no puro odio https://t.co/1Qlstf6INZ,Ã³dio
197,surtadapelopop,"SÃ£o Paulo, Brasil",2021-01-15 20:52:54,@lovatthw aÃ­ que Ã³dio,Ã³dio
198,hyunsoulies,Ë’ğ“² ğŸğŸ : ğŸ—ğŸ• : ğŸ—ğŸ“ ğ–§§à£ª ,2021-01-15 20:52:53,n minha gente pq eu consigo imaginar as lipves danÃ§ando essa q odio bbc eu te odeio tanto https://t.co/I7KCZUOvp5,Ã³dio
199,vanessatnv,Brasil ,2021-01-15 20:52:53,to num mix de muito Ã³dio e tristeza lendo as notÃ­cias,Ã³dio
200,damaziop_,"Curitiba, Brazil",2021-01-15 20:53:22,"RT @jgabrieldiass: o filho gay sempre tem uma hora que se revolta contra o pai conservador..  muito bem, Carlinhos",revolta
201,lupandorlupus,Brasil,2021-01-15 20:53:21,RT @FabioPorchat: Nao tem como ajudar. Uma tristeza. Temos que transformar esta impotÃªncia de quem gostaria de ajudar em revolta contra estâ€¦,revolta
202,darkelias_2,,2021-01-15 20:53:16,"RT @ErikakHilton: NÃ£o faz mais que a obrigaÃ§Ã£o, na minha opiniÃ£o. Mas entendo a revolta... Alias, deve ser mesmo revoltante ficar marcado nâ€¦",revolta
203,k1nvlla,"SÃ£o Mateus, Brasil",2021-01-15 20:53:02,"a minha teoria Ã©: Carlos Bolsonaro se revolta com o pai, pede sua saÃ­da e de quebra mostra sua janta de hoje (o conâ€¦ https://t.co/ny1vtSpsGB",revolta
204,mimixxz,Hawkins,2021-01-15 20:52:47,"RT @jgabrieldiass: o filho gay sempre tem uma hora que se revolta contra o pai conservador..  muito bem, Carlinhos",revolta
205,liana_Lcia,"Boa Vista, Brasil",2021-01-15 20:52:46,"RT @direitasiqueira: QUE BOM QUE O BRASILEIRO SE REVOLTA MAIS COM PEDALADA FISCAL QUE COM GENTE MORRENDO SUFOCADA EM HOSPITAL, NÃ‰? ğŸ‡§ğŸ‡·",revolta
206,marioromualdo,Belo Horizonte,2021-01-15 20:52:45,"Os bacaninhas tao vendo todo dia as bandeiras antifas em todos os protestos, desde o dia 0 dessa merda de governo,â€¦ https://t.co/FM1NNIXzX3",revolta
207,rapoxsa,,2021-01-15 20:52:42,RT @rotchajunior: as forÃ§as da direita tÃ£o vendo que o impedimento do bolsonaro Ã© inevitÃ¡vel e jÃ¡ se adiantam na corrida do protagonismo deâ€¦,revolta
208,Poe_Toaster,"VitÃ³ria da Conquista, Brasil",2021-01-15 20:52:40,Como pode? Ã‰ de sentir Ã¢nsia de tanta revolta! https://t.co/OgJhSPMPl8,revolta
209,TheArchNegro,"Out of Jupiter, on Brazil",2021-01-15 20:52:36,"RT @ErikakHilton: NÃ£o faz mais que a obrigaÃ§Ã£o, na minha opiniÃ£o. Mas entendo a revolta... Alias, deve ser mesmo revoltante ficar marcado nâ€¦",revolta
210,tmoyz,,2021-01-15 20:52:29,"RT @ErikakHilton: Papo reto - Diante do acÃºmulo e dos novos crimes cometidos pela polÃ­cia bolsonarista, escancara-se um espaÃ§o e revolta eâ€¦",revolta
211,felipemianes,Porto Alegre,2021-01-15 20:52:17,@najladiniz Bater panela do alto de seu castelo Ã© tranquilo... a revolta do brasileiro sempre Ã© menor do que a pregâ€¦ https://t.co/6KfzaqKpe8,revolta
212,Felipe_Silva84,"Rio de Janeiro, Brasil",2021-01-15 20:52:16,@manuladaim Mas na hora de fechar o contrato com os Texans ele nÃ£o ficou indignado nÃ£o defendendo a organizaÃ§Ã£o masâ€¦ https://t.co/CxE5OiU63w,revolta
213,AnjokaBramax,Around the worldğŸŒ,2021-01-15 20:52:11,"NÃ£o, nÃ£o sou Doriana.

Mas, a politizaÃ§Ã£o no @minsaude Ã© tÃ£o vergonhosa, q provoca muita revolta.

DESGRAÃ‡ADOS!â€¦ https://t.co/LfJrHR2Lk0",revolta
214,forastieri_msf,"Campo Grande, Brasil",2021-01-15 20:52:08,RT @FabioPorchat: Nao tem como ajudar. Uma tristeza. Temos que transformar esta impotÃªncia de quem gostaria de ajudar em revolta contra estâ€¦,revolta
215,samsilvabitt,"Belo Horizonte, Brasil",2021-01-15 20:52:07,@LeticiaReiss2 Minha mÃ£e reclamou uma vez tambÃ©m. A revolta Ã© generalizada,revolta
216,Paulo_H_Cavalli,,2021-01-15 20:52:00,"RT @direitasiqueira: QUE BOM QUE O BRASILEIRO SE REVOLTA MAIS COM PEDALADA FISCAL QUE COM GENTE MORRENDO SUFOCADA EM HOSPITAL, NÃ‰? ğŸ‡§ğŸ‡·",revolta
217,Duudix_,,2021-01-15 20:51:55,RT @FabioPorchat: Nao tem como ajudar. Uma tristeza. Temos que transformar esta impotÃªncia de quem gostaria de ajudar em revolta contra estâ€¦,revolta
218,Airton40647778,,2021-01-15 20:51:40,"RT @RafaelFontana: SÃ­rio pra mim.
Sifu pra vocÃªs.
https://t.co/dWp3pnThha",revolta
219,Any_angxl,,2021-01-15 20:51:40,"RT @anyzigi: me revolta que estejam problematizando uma tag por conta de ser para a any, estavam subindo tag para outros integrantes e estaâ€¦",revolta
220,vitoriascruzr,Carioca,2021-01-15 20:51:35,"RT @jgabrieldiass: o filho gay sempre tem uma hora que se revolta contra o pai conservador..  muito bem, Carlinhos https://t.co/g0vMFYHV16",revolta
221,CleversonDosS10,"Altos de SumarÃ©, SumarÃ©",2021-01-15 20:51:34,"ImpressÃ£o a minha ou poderemos ter denovo a revolta de 32 kkkkk 
Dessa vez entendo que sÃ£o Paulo ganha . https://t.co/cOp9ByWyHZ",revolta
222,VICKSANTOZZZ,,2021-01-15 20:51:30,"Eu simplesmente ODEIO falar de polÃ­tica ou expor minha opiniÃ£o sobre esse assunto, mas depois de toda essa situaÃ§Ã£oâ€¦ https://t.co/uYUedp08d5",revolta
223,arroganteCEC,,2021-01-15 20:51:30,RT @FabioPorchat: Nao tem como ajudar. Uma tristeza. Temos que transformar esta impotÃªncia de quem gostaria de ajudar em revolta contra estâ€¦,revolta
224,Kauan_Gomes1,No fundo do poÃ§o,2021-01-15 20:51:25,"RT @jgabrieldiass: o filho gay sempre tem uma hora que se revolta contra o pai conservador..  muito bem, Carlinhos",revolta
225,gui299842,Joinville ,2021-01-15 20:51:24,"RT @jgabrieldiass: o filho gay sempre tem uma hora que se revolta contra o pai conservador..  muito bem, Carlinhos",revolta
226,FrancelyCativoo,,2021-01-15 20:51:22,"RT @DucaTambasco: cadÃª a revolta dos pastores bolsonaristas com o que tÃ¡ acontecendo em Manaus?
ou a idolatria ao mito Ã© maior que o amor aâ€¦",revolta
227,cadu4rio,where my mind leads me...,2021-01-15 20:51:15,RT @FabioPorchat: Nao tem como ajudar. Uma tristeza. Temos que transformar esta impotÃªncia de quem gostaria de ajudar em revolta contra estâ€¦,revolta
228,_akaCabson_,ZN ,2021-01-15 20:51:10,"RT @jgabrieldiass: o filho gay sempre tem uma hora que se revolta contra o pai conservador..  muito bem, Carlinhos",revolta
229,kllngmsf,,2021-01-15 20:51:07,RT @FabioPorchat: Nao tem como ajudar. Uma tristeza. Temos que transformar esta impotÃªncia de quem gostaria de ajudar em revolta contra estâ€¦,revolta
230,helenadanik,,2021-01-15 20:51:05,RT @FabioPorchat: Nao tem como ajudar. Uma tristeza. Temos que transformar esta impotÃªncia de quem gostaria de ajudar em revolta contra estâ€¦,revolta
231,fergotmad,,2021-01-15 20:51:03,"RT @jgabrieldiass: o filho gay sempre tem uma hora que se revolta contra o pai conservador..  muito bem, Carlinhos",revolta
232,nandatm8,"Yavin 4, RJ",2021-01-15 20:51:02,"RT @jgabrieldiass: o filho gay sempre tem uma hora que se revolta contra o pai conservador..  muito bem, Carlinhos",revolta
233,petenuccineto,Ubirajara SP,2021-01-15 20:50:56,"RT @GalizaAr: Somamos a nossa revolta Ã  indignaÃ§Ã£o do nosso presidente , contra esse marginal @jdoriajr ! #BolsonaroAte2026 , doa a quem doâ€¦",revolta
234,bahrocker,BH,2021-01-15 20:50:56,RT @FabioPorchat: Nao tem como ajudar. Uma tristeza. Temos que transformar esta impotÃªncia de quem gostaria de ajudar em revolta contra estâ€¦,revolta
235,Blowme_girl,Rj,2021-01-15 20:50:48,"RT @jgabrieldiass: o filho gay sempre tem uma hora que se revolta contra o pai conservador..  muito bem, Carlinhos",revolta
236,LunaAnimo,,2021-01-15 20:50:44,"VocÃªs estÃ£o mesmo a dizer-me por por ""revolta contra o confinamento"" as pessoas estÃ£o a fazrr boicote Ã s eleiÃ§Ãµes,â€¦ https://t.co/xBDYh0uGhF",revolta
237,anyssweetener,friends for life ,2021-01-15 20:50:37,"RT @anyzigi: me revolta que estejam problematizando uma tag por conta de ser para a any, estavam subindo tag para outros integrantes e estaâ€¦",revolta
238,Fadbgirl__,Brasil,2021-01-15 20:50:36,"RT @jgabrieldiass: o filho gay sempre tem uma hora que se revolta contra o pai conservador..  muito bem, Carlinhos",revolta
239,Richard1Kimble,,2021-01-15 20:50:33,"RT @Rconstantino: Diante deste quadro, seria de se imaginar que a revolta se voltasse contra tais â€œgestoresâ€. Mas nÃ£o! Os opositores do govâ€¦",revolta
240,valroprado1,,2021-01-15 20:50:31,RT @FabioPorchat: Nao tem como ajudar. Uma tristeza. Temos que transformar esta impotÃªncia de quem gostaria de ajudar em revolta contra estâ€¦,revolta
241,Samtuita_,Circo ğŸª,2021-01-15 20:50:29,"@astefanibays Infelizmente sim. Me pergunto atÃ© quando isso vai continuar dessa maneira, sempre querendo colocar aâ€¦ https://t.co/X1NzH57HKP",revolta
242,Ericles_Michel,,2021-01-15 20:50:26,@Laiilavelloso Eita a revolta da garotah,revolta
243,osires_de,,2021-01-15 20:50:21,"RT @Vika8081: Nova campanha nas redes.
Deixem de seguir: 
- MandriÃ£o
- Bananinha
- Tonho da Lua
- Laranjinha
- Bia kicis
- Carla Zambelli
Eâ€¦",revolta
244,P_FREITAS_,"Rio de Janeiro, Brasil",2021-01-15 20:50:21,"RT @LuluSantos: Tristeza
Nojo
Ã“dio 
Revolta

Repete",revolta
245,cambauvav,"Bauru, Brasil",2021-01-15 20:50:16,RT @rotchajunior: as forÃ§as da direita tÃ£o vendo que o impedimento do bolsonaro Ã© inevitÃ¡vel e jÃ¡ se adiantam na corrida do protagonismo deâ€¦,revolta
246,6Diabo,SMSS J215728.21-360215.1.,2021-01-15 20:50:06,"RT @GalizaAr: Somamos a nossa revolta Ã  indignaÃ§Ã£o do nosso presidente , contra esse marginal @jdoriajr ! #BolsonaroAte2026 , doa a quem doâ€¦",revolta
247,carai_san,,2021-01-15 20:50:06,"RT @jgabrieldiass: o filho gay sempre tem uma hora que se revolta contra o pai conservador..  muito bem, Carlinhos",revolta
248,jesca1_crvg,"Guaratiba, Rio de Janeiro",2021-01-15 20:49:59,"RT @LuluSantos: Tristeza
Nojo
Ã“dio 
Revolta

Repete",revolta
249,_ldaantas,"SÃ£o Paulo, Brasil",2021-01-15 20:49:52,"RT @DucaTambasco: cadÃª a revolta dos pastores bolsonaristas com o que tÃ¡ acontecendo em Manaus?
ou a idolatria ao mito Ã© maior que o amor aâ€¦",revolta
250,neybrubs,"Rio de Janeiro, Brasil",2021-01-15 20:49:52,RT @mydivabru: me revolta que ninguÃ©m faz nada pra tentar impedir as merdas desse canalha,revolta
251,Joelson_Adson,,2021-01-15 20:49:40,"RT @RafaelFontana: SÃ­rio pra mim.
Sifu pra vocÃªs.
https://t.co/dWp3pnThha",revolta
252,Leoblack_White,"Manaus, Brasil",2021-01-15 20:49:35,"RT @jgabrieldiass: o filho gay sempre tem uma hora que se revolta contra o pai conservador..  muito bem, Carlinhos",revolta
253,Joclau53,Rio de Janeiro - RJ,2021-01-15 20:49:29,RT @DCM_online: VÃDEO â€“ Neto se revolta com caos em Manaus e diz a Neymar: â€˜NÃ£o vai ajudar? https://t.co/8QgbSNpUqM,revolta
254,Let_Alm,"Barra Mansa, RJ",2021-01-15 20:49:20,"RT @jgabrieldiass: o filho gay sempre tem uma hora que se revolta contra o pai conservador..  muito bem, Carlinhos",revolta
255,daniel_gcn,,2021-01-15 20:49:20,"RT @direitasiqueira: QUE BOM QUE O BRASILEIRO SE REVOLTA MAIS COM PEDALADA FISCAL QUE COM GENTE MORRENDO SUFOCADA EM HOSPITAL, NÃ‰? ğŸ‡§ğŸ‡·",revolta
256,settaum,na tua mente ,2021-01-15 20:49:19,@osuZ3R0 Revolta Ã© aquele ex proplayer em atividade?,revolta
257,dprsaturn,,2021-01-15 20:49:03,RT @rotchajunior: as forÃ§as da direita tÃ£o vendo que o impedimento do bolsonaro Ã© inevitÃ¡vel e jÃ¡ se adiantam na corrida do protagonismo deâ€¦,revolta
258,CamilaM90035837,"UberlÃ¢ndia, Brasil",2021-01-15 20:48:55,RT @FabioPorchat: Nao tem como ajudar. Uma tristeza. Temos que transformar esta impotÃªncia de quem gostaria de ajudar em revolta contra estâ€¦,revolta
259,LeonardoJ_Silva,BRAZIL,2021-01-15 20:48:53,RT @FabioPorchat: Nao tem como ajudar. Uma tristeza. Temos que transformar esta impotÃªncia de quem gostaria de ajudar em revolta contra estâ€¦,revolta
260,MARCOSMarval,,2021-01-15 20:48:49,"Imagine-se em 1904, no meio de uma epidemia de febre amarela. VocÃª tomaria Ã  vacina contra a doenÃ§a, ou aderiria Ã  revolta da vacina?",revolta
261,XandaoTeixeira,"Salvador, Brasil",2021-01-15 20:48:47,"@LuluSantos O texto expressa toda angÃºstia, tristeza, revolta e indignaÃ§Ã£o do povo brasileiro!! #ForaBolsonaroâ€¦ https://t.co/zc7mKUCpti",revolta
262,Abde12038648,,2021-01-15 20:48:44,Que revolta que dÃ¡... https://t.co/5xIZpGMtrY,revolta
263,nini22700211,"Rio de Janeiro, Brasil",2021-01-15 20:48:39,"@revistaoeste Senador,roubaram demais! Kd o dinheiro? Kd a revolta contra o STF q tirou do Presidente o poder e traâ€¦ https://t.co/FMLH09uPfN",revolta
264,Kallyneee__,"MaranhÃ£o, Brazil",2021-01-15 20:48:32,"RT @jgabrieldiass: o filho gay sempre tem uma hora que se revolta contra o pai conservador..  muito bem, Carlinhos",revolta
265,joana_almeiida,,2021-01-15 20:48:31,"RT @marianamontzz: tanta revolta com as escolas, quem vÃª nem pensa que estiveram em casas alugadas com 20 amigos pq nÃ£o sabiam passar o anoâ€¦",revolta
266,inseongsfox,,2021-01-15 20:48:31,"RT @jgabrieldiass: o filho gay sempre tem uma hora que se revolta contra o pai conservador..  muito bem, Carlinhos https://t.co/g0vMFYHV16",revolta
267,takeyoularry,Summer Paradise,2021-01-15 20:48:25,"RT @jgabrieldiass: o filho gay sempre tem uma hora que se revolta contra o pai conservador..  muito bem, Carlinhos",revolta
268,RODRIGO281526,,2021-01-15 20:48:17,"RT @Rconstantino: Diante deste quadro, seria de se imaginar que a revolta se voltasse contra tais â€œgestoresâ€. Mas nÃ£o! Os opositores do govâ€¦",revolta
269,jucilenedasil20,,2021-01-15 20:48:13,"@marcofeliciano Na hora de fazer para Dilma por causa de uma pedalada, q o Bozo faz direto , agora matando pessoasâ€¦ https://t.co/D9ukukq5zr",revolta
270,dedeh_,,2021-01-15 20:48:11,Revolta da vacina pra ontem,revolta
271,Atop1co,,2021-01-15 20:48:06,Serio velho quando q nois vai mat4 um por um da familia do bozo!????? Fala pra mim a religiÃ£o de vcs n deve condenar revolta,revolta
272,PEC56URGENTE,Rio de Janeiro,2021-01-15 20:47:45,"RT @Rconstantino: Diante deste quadro, seria de se imaginar que a revolta se voltasse contra tais â€œgestoresâ€. Mas nÃ£o! Os opositores do govâ€¦",revolta
273,CamaradaHidalgo,,2021-01-15 20:47:39,@crisvector @CosmonautaPato Revolta da vacina. Vamos pras ruas!,revolta
274,hangjiminie,armyonce + lovatic ,2021-01-15 20:47:38,"RT @jgabrieldiass: o filho gay sempre tem uma hora que se revolta contra o pai conservador..  muito bem, Carlinhos",revolta
275,Micaela120304,,2021-01-15 20:47:35,"RT @GalizaAr: Somamos a nossa revolta Ã  indignaÃ§Ã£o do nosso presidente , contra esse marginal @jdoriajr ! #BolsonaroAte2026 , doa a quem doâ€¦",revolta
276,lebweins,Osasco,2021-01-15 20:47:28,"RT @jgabrieldiass: o filho gay sempre tem uma hora que se revolta contra o pai conservador..  muito bem, Carlinhos",revolta
277,junqluu,Sanja ,2021-01-15 20:47:25,"RT @jgabrieldiass: o filho gay sempre tem uma hora que se revolta contra o pai conservador..  muito bem, Carlinhos",revolta
278,MitoBonoro38,"SÃ£o Paulo, Brasil",2021-01-15 20:47:14,"RT @Rconstantino: Diante deste quadro, seria de se imaginar que a revolta se voltasse contra tais â€œgestoresâ€. Mas nÃ£o! Os opositores do govâ€¦",revolta
279,LanaAra72875885,"Rio de Janeiro, Brasil",2021-01-15 20:47:13,"RT @RafaelFontana: SÃ­rio pra mim.
Sifu pra vocÃªs.
https://t.co/dWp3pnThha",revolta
280,anxsjulia,,2021-01-15 20:47:07,"RT @jgabrieldiass: o filho gay sempre tem uma hora que se revolta contra o pai conservador..  muito bem, Carlinhos",revolta
281,AnaLauraSoledad,she/her,2021-01-15 20:47:05,RT @rotchajunior: as forÃ§as da direita tÃ£o vendo que o impedimento do bolsonaro Ã© inevitÃ¡vel e jÃ¡ se adiantam na corrida do protagonismo deâ€¦,revolta
282,olemmarc,,2021-01-15 20:47:03,"RT @RafaelFontana: SÃ­rio pra mim.
Sifu pra vocÃªs.
https://t.co/dWp3pnThha",revolta
283,JhwWaite,"Rio de Janeiro, Brasil",2021-01-15 20:47:01,RT @FabioPorchat: Nao tem como ajudar. Uma tristeza. Temos que transformar esta impotÃªncia de quem gostaria de ajudar em revolta contra estâ€¦,revolta
284,Xavier21Pereira,,2021-01-15 20:46:52,@dpeseiro @Sporting_CP Eles lÃ¡ querem saber dos nossos comentÃ¡rios para alguma coisa? VocÃªs nÃ£o estÃ£o mesmo a par dâ€¦ https://t.co/GJ1iMBiNtE,revolta
285,marcospperillo,,2021-01-15 20:46:49,"RT @RafaelFontana: SÃ­rio pra mim.
Sifu pra vocÃªs.
https://t.co/dWp3pnThha",revolta
286,lumipsia,,2021-01-15 20:46:47,RT @rotchajunior: as forÃ§as da direita tÃ£o vendo que o impedimento do bolsonaro Ã© inevitÃ¡vel e jÃ¡ se adiantam na corrida do protagonismo deâ€¦,revolta
287,_nicospfc,ğŸ‘¼,2021-01-15 20:46:44,"RT @jgabrieldiass: o filho gay sempre tem uma hora que se revolta contra o pai conservador..  muito bem, Carlinhos",revolta
288,bi_scate_,,2021-01-15 20:46:41,"RT @jgabrieldiass: o filho gay sempre tem uma hora que se revolta contra o pai conservador..  muito bem, Carlinhos",revolta
289,joewilde11,BelÃ©m ,2021-01-15 20:46:37,"RT @RafaelPolidoro2: quanto mais ansioso eu fico, menos eu uso o twitter. Passei aqui pra desejar a todas e todos nÃ³s saÃºde mental, pq a seâ€¦",revolta
290,badiz_p,,2021-01-15 20:46:29,"RT @GalizaAr: Somamos a nossa revolta Ã  indignaÃ§Ã£o do nosso presidente , contra esse marginal @jdoriajr ! #BolsonaroAte2026 , doa a quem doâ€¦",revolta
291,banamorais,"Minas Gerais, Brasil",2021-01-15 20:46:26,RT @rotchajunior: as forÃ§as da direita tÃ£o vendo que o impedimento do bolsonaro Ã© inevitÃ¡vel e jÃ¡ se adiantam na corrida do protagonismo deâ€¦,revolta
292,paulopinho2006,,2021-01-15 20:46:24,RT @DCM_online: VÃDEO â€“ Neto se revolta com caos em Manaus e diz a Neymar: â€˜NÃ£o vai ajudar? https://t.co/8QgbSNpUqM,revolta
293,tiba_cps,"Campinas , SÃ£o Paulo , Brazil",2021-01-15 20:46:24,@DatenaOficial @brasilurgente Ainda bem que lendo os comentÃ¡rios vejo a revolta de todos com esse pÃ­fio desemprenhoâ€¦ https://t.co/41CB3KTX13,revolta
294,BrunoxMC,Brazil,2021-01-15 20:46:20,Brasil passou os Ãºltimos anos atacando a cultura... agora os artistas que sofreram com isso tudo aqui ajudando... mâ€¦ https://t.co/MN0IMLDU0x,revolta
295,SerjaoPeixeGay,,2021-01-15 20:46:18,"RT @LuluSantos: Tristeza
Nojo
Ã“dio 
Revolta

Repete",revolta
296,jaolrg,"Campo Grande, Brasil",2021-01-15 20:46:16,tenho a impressÃ£o q todo mundo terceiriza uma revolta popular desde o primeiro crime do presidente e enquanto isso tudo vai piorando,revolta
297,iamttriz,,2021-01-15 20:46:13,"RT @jgabrieldiass: o filho gay sempre tem uma hora que se revolta contra o pai conservador..  muito bem, Carlinhos",revolta
298,paulovitor587,"BrasÃ­lia, Brasil",2021-01-15 20:46:06,"RT @jgabrieldiass: o filho gay sempre tem uma hora que se revolta contra o pai conservador..  muito bem, Carlinhos",revolta
299,CamaradaHidalgo,,2021-01-15 20:46:06,Quem diria que a revolta da vacina seria dessa forma. https://t.co/r4Z6bBbJFW,revolta
300,XandimdoZap,to por ai man,2021-01-15 20:53:38,"kakkakakakakak hj eu surtei aqui, perdÃ£o",perdÃ£o
301,ororaimense,"Boa Vista, Brasil",2021-01-15 20:53:36,"Com o perdÃ£o da palavra, mas se vocÃª ainda apoia @jairbolsonaro e a sua corja de seguidores, vocÃª tem mais Ã© que se fuder juntos com eles.",perdÃ£o
302,MatosRudi,,2021-01-15 20:53:19,NÃ£o aceito perdÃ£o! https://t.co/fbN4GUA5j5,perdÃ£o
303,biancaxs_,013 ğŸŒ´,2021-01-15 20:53:09,"RT @lndiretasz: Pra mim o maior pedido de desculpa Ã© a mudanÃ§a de comportamento, nÃ£o adianta chorar pedindo perdÃ£o e continuar fazendo merdâ€¦",perdÃ£o
304,inuyasha_natsu,Ë’ â™¥ï¸ ã‚›ğ“‚ƒ  Ò“á´€ÉªÊ€Ê   ğ“²   á´›á´€ÉªÊŸ áŸ¸áŸ¸,2021-01-15 20:53:08,@DEKUC0SMIC Mas sou os dois perdÃ£o kkkk,perdÃ£o
305,CenoritaMelissa,,2021-01-15 20:52:26,Essas pessoas tem sangue em suas mÃ£os e deveriam pedir perdÃ£o a Deus por fazer isso toda vez que colocam a cabeÃ§a nâ€¦ https://t.co/SkK3AqdG6y,perdÃ£o
306,hr7fxp,bxd ,2021-01-15 20:52:20,RT @Tremm2c: Se traiÃ§Ã£o tivesse perdÃ£o o diabo ainda estaria do lado de Jesus,perdÃ£o
307,ProudBeausavany,,2021-01-15 20:52:15,@umbrelladmss AbÃ³bora* perdÃ£o,perdÃ£o
308,PessoasBabacas,,2021-01-15 20:52:10,"@stpiox Eu recebi o print daquela forma, perdÃ£o 

ğŸ‡§ğŸ‡·",perdÃ£o
309,_MEFS_,,2021-01-15 20:52:09,@franca1908_ @silviagsl vish nao sabia disso ai perdÃ£o moÃ§a sorry,perdÃ£o
310,toffyuy,toff/yuy,2021-01-15 20:52:00,"@Tetedollin esqueci dos remedios de esquizofrenia
perdao",perdÃ£o
311,mack4Miley,Nas mÃ£os de Deus ,2021-01-15 20:51:53,"RT @sepmemes_: ENTÃƒO QUER DIZER QUE O PRESIDENTE DO SANTOS JÃ TÃ COMEMORANDO O TÃTULO DA LIBERTADORES?

REALMENTE, NINGUÃ‰M SERÃ CAPAZ DE TIâ€¦",perdÃ£o
312,AMYSTERIOUS_,Detective Holmes âŒ• ,2021-01-15 20:51:44,"â €â €â € 
â €â €â € â €â”€â”ˆ ğŸ”â— Uau, pelo visto foi uma boa notÃ­cia. Se me permite saber, o que foi? Sou curiosa, perdÃ£o. https://t.co/HjydX2aHxn",perdÃ£o
313,uzuigflwrer,ëˆˆ â€¸ ëˆˆ  # ç§ã®ãƒœãƒ¼ã‚¤ãƒ•ãƒ¬ãƒ³ãƒ‰ã«è§¦ã‚Œãªã„ã§ãã ã•ã„ï¼ â€” ğŸ’¢ ã¾ã•ã—ãç§ã®ã‚‚ã® %% ğ—¿ğ—²ğ—»ğ—´ğ—¼ğ—¸ğ˜‚ !! ğŸ†˜ å±é™º \ ğ—–ğ—›ğ—œğ—ğ—”ğ—¥ğ—” / å«Œã„ :-! ç§ã¯æ€’ã£ã¦ã„ã‚‹ã‚“ã   á¯¬á¯¬  ã—ã‹ã—ã€ç§ã¯ã‚ãªãŸã‚’æ„›ã—ã¦ã„ã¾ã™,2021-01-15 20:51:43,RT @outgojo: mahito stans meu perfil nÃ£o Ã© seguro pois xingo o mahito sempre que lembro da existÃªncia dele e odeio ele com todo o meu fÃ´legâ€¦,perdÃ£o
314,vantevocaly,âŒ• #jvkm's loveclub !! â™¥ï¸,2021-01-15 20:51:43,@kthywizard perdÃ£o entÃ£o,perdÃ£o
315,Laravigel_,Santo BerÃ§o,2021-01-15 20:51:38,"RT @noronhesa: esqueci de postar ontem perdÃ£oğŸ˜”ğŸ™
tÃ¡ aqui meu Roger pra vcsğŸ’™
#Queen https://t.co/rOJdYjZlla",perdÃ£o
316,musarthy,Hope World,2021-01-15 20:51:31,@jeonjungkookpjm @DAHproject EntÃ£o pode ser em qualquer site desde que seja um produto oficial? (PerdÃ£o por tantas dÃºvidas),perdÃ£o
317,eucrystian_,,2021-01-15 20:51:16,"RT @hanakhalil: GENTE A TAG Ã‰ SEM ACENTO!!! perdÃ£o!

OXIGENIO PARA MANAUS",perdÃ£o
318,cadinhosimoes,,2021-01-15 20:51:05,"@sergiotodoprosa NÃ£o Ã© correto cobrar a grandeza revolucionÃ¡ria de Prestes de alguÃ©m comum.

Neoliberais sÃ£o tÃ£o asâ€¦ https://t.co/YchcuBOJ7f",perdÃ£o
319,deagusboys,TARDIS,2021-01-15 20:51:02,"@s0nnenblume_ eu sem terminar de ler automaticamente li ""cu"", perdÃ£o ğŸ™",perdÃ£o
320,grazykkkkkkk,,2021-01-15 20:50:53,RT @Allana_es: narcisista ao ponto de nÃ£o entender como ele n me quis? perdÃ£o rs,perdÃ£o
321,kekebursin,Brasil,2021-01-15 20:50:50,perdÃ£o fazer anÃ¡lise agora tava off,perdÃ£o
322,Saah_______,~ cĞ½Î±â„“Ñ” 6 ~ rÎ±vÑ”à¸—câ„“Î±Ï‰ ~,2021-01-15 20:50:44,"tÃ´ com preguiÃ§a de terminar o edit, perdÃ£o galera, mas jacob peralta jÃ¡ tem edits dms no mundo",perdÃ£o
323,maluanchietas,ilha do amor,2021-01-15 20:50:25,Quero pedir encarecidamente o perdÃ£o da BeyoncÃ© pelo inglÃªs fuleiro e pela cantoria ruim ğŸ™ğŸ½ https://t.co/JTsmbQs6Zs,perdÃ£o
324,jnsatan,ğŸ±ğŸ§,2021-01-15 20:50:25,@Iisavsco vc nÃ£o lembra eu contando q mandei e-mail pedindo perdÃ£o por todos os meus pecados pra eles devolverem ğŸ˜­,perdÃ£o
325,mariearlysnow,,2021-01-15 20:50:24,@dudaslopes_ n vai bater ponto aqui esse fds perdao,perdÃ£o
326,OldmanCap_SDV,"EspÃ­rito Santo, Brasil",2021-01-15 20:50:23,"RT @Adrianalimasdv: Perdoa o que puder ser perdoado. Esquece o que nÃ£o tiver perdÃ£o.
#SextaLegiaoSDV
#SextaImperioDoSdv https://t.co/KSqMMYâ€¦",perdÃ£o
327,caiolandi,7Â° Circulo,2021-01-15 20:50:22,"@MegalHB Li outra coisa, perdao",perdÃ£o
328,elder_franca,,2021-01-15 20:50:19,Esse filho de uma p*ta (com o perdÃ£o da expressÃ£o) com a tragÃ©dia em Manaus sÃ³ sabe pensar em disputa polÃ­tica. AtÃ©â€¦ https://t.co/coYkYzTKRn,perdÃ£o
329,huffleandpuff_,,2021-01-15 20:50:11,"@favsmione O primeiro do Homem de ferro e o primeiro do Thor

PerdÃ£o n ter colocado qual era amg",perdÃ£o
330,clautavares23,"Rio de Janeiro, Brasil",2021-01-15 20:49:54,"Para os erros...o perdÃ£o.
Para os fracassos...uma nova chance.
Para as coisas impossÃ­veis...o tempo.
ğŸ˜‰",perdÃ£o
331,millsglows,ğš‚.ğšƒ.ğ™·.ğ™².ğ™³.ğ™¼.ğ™¹Â²,2021-01-15 20:49:41,@Thomaspoesy peÃ§o perdÃ£o pelas. Vezes que eu disse que ia parar,perdÃ£o
332,Tataaraujo_,"Diadema, Brasil",2021-01-15 20:49:20,"Vi os prints e sÃ³ conseguia me ver lÃ¡, implorando pela pessoa, me humilhando, pedindo perdÃ£o por algo que nÃ£o sou câ€¦ https://t.co/2p2HjhRNCx",perdÃ£o
333,oxecamilaa,,2021-01-15 20:48:56,RT @i_erva: esse ano Ã© sem perdÃ£o p eleitor do Bolsonaro,perdÃ£o
334,oooooioooooooo,,2021-01-15 20:48:56,@matheuseuslima perdÃ£o,perdÃ£o
335,augustorb,Curitiba,2021-01-15 20:47:56,@dgavieira PeÃ§o perdÃ£o amigo,perdÃ£o
336,masonmountbr,"London, England",2021-01-15 20:47:51,"@tyedixie KKKKKK SOCORRO ESCREVI ERRADO. Mas sim, tenho dois, um de 6 anos e um de 1 ano. To mt lerda hj peÃ§o perdÃ£o",perdÃ£o
337,fiat_siena_elx,Na casa do meus irmÃµes,2021-01-15 20:47:36,@oocbolsonaan @Bolsonaan @FlxmenguistaSLK O PERDÃƒO!,perdÃ£o
338,btoboiola,ã‚¬ã‚¼ãƒƒãƒˆ ğ—Ÿğ—¨ğ—©ğ—•ğ—¢ğ—§ ?!  ^_^ æœ¨å…å…‰å¤ªéƒã€ç·‘é–“çœŸå¤ªéƒã€‚ã©ã†ã‹ã“ã‚“ãªåƒ•ã¨ãšã£ã¨ !! ğ…ğ‘ğ„ğ„ + ğŠğ€ğˆğƒğğ” â˜… æ±Ÿæˆ¸å·ä¹±æ­©ã¯ç§ã®å¥½ããªç”·ã®å­ã§ã™ã€‚ğğ‹ğƒ ğŠğğğ SUPREMACY ğŸ’­,2021-01-15 20:47:17,mahito stans meu perfil nÃ£o Ã© seguro pois xingo o mahito sempre que lembro da existÃªncia dele e odeio ele com todoâ€¦ https://t.co/U9n4zgIv9X,perdÃ£o
339,Urubu_reii,,2021-01-15 20:47:13,"@leo__sach Estava querendo me referir a rodada, mas realmente confundi o dia do jogo. PerdÃ£o pelo vacilo",perdÃ£o
340,byangells,dm CLOSED for requests.,2021-01-15 20:47:07,@ANYKlNG perdao af,perdÃ£o
341,maweduarda,,2021-01-15 20:47:06,"repita comigo:
vocÃª nÃ£o deve
a ninguÃ©m
o seu 
perdÃ£o.
- exceto talvez a si mesma. â™¡",perdÃ£o
342,Thaaasep,,2021-01-15 20:47:03,"RT @surian: NÃ£o curto muito esse papo de ""avivamento"" nÃ£o. Geralmente isso significa adesÃ£o em massa a um grupo social e ter uma missÃ£o espâ€¦",perdÃ£o
343,RyOliver777,"SÃ£o Paulo, Brasil",2021-01-15 20:46:51,"@Clau52099 @UniDeRessaca perdÃ£o se um dia eu julguei sua interpretaÃ§Ã£o de texto, essa ai se superou, pulou aulas de PortuguÃªs e HistÃ³ria...",perdÃ£o
344,gavsilvaa,"Palmela, Portugal",2021-01-15 20:46:48,RT @lfrancobastos: â€œO casamento homossexual deveria ter outro enquadramento jurÃ­dicoâ€ foi uma frase proferida por um candidato Ã  PresidÃªnciâ€¦,perdÃ£o
345,ZelosSocks,Aqui,2021-01-15 20:46:44,"A FACULDADE TÃ MESMO, PERDÃƒO, EU TÃ” SOFRENDO
E EU TAMBÃ‰M TE AMO AAAAAAAAA
QUANDO O 13Âº E AS FPERIAS VIEREM EU VOU Tâ€¦ https://t.co/3WRy5bQzuk",perdÃ£o
346,CaiiooLoopes,"LuziÃ¢nia, Brasil",2021-01-15 20:46:34,"Sinto o peso das minhas escolhas, veja o quanto ganhei, descobri ser o meu prÃ³prio lar, eu NÃƒO peÃ§o perdÃ£o desejo aâ€¦ https://t.co/lthlYrcvAx",perdÃ£o
347,yooncoosm,ğ“‚ƒè°·  ğ—¶ğ˜ğ˜‡ğ˜† ï½¡ Ò‚,2021-01-15 20:46:29,"@hyunafilters perdÃ£o tu sabe que mi espanhol tÃ¡ mui ratata

https://t.co/SKIDdp185s",perdÃ£o
348,gabsdantas20,Brasil,2021-01-15 20:46:29,"olha eu te peÃ§o perdÃ£o mas quem manda na gente Ã© o coraÃ§Ã£o, Ã© o amor",perdÃ£o
349,saturnofeels,,2021-01-15 20:46:27,"meu limite Ã© bem grande, adaptÃ¡vel, raramente eu chego no Ã¡pice
mas hoje, eu peÃ§o perdÃ£o a todos que tem algum apreâ€¦ https://t.co/Ry90P1q5I0",perdÃ£o
350,MoissRamosNeto1,,2021-01-15 20:46:17,@marianaucker_ Resumo: choro choro choro fiquei com ele sim me arrependo comeÃ§a o soluÃ§ar e pede perdÃ£o as pessoas e aos fÃ£s. Fim ğŸ¤¡,perdÃ£o
351,byulsunflower,cascavel/PR,2021-01-15 20:46:12,"@arielabutera @portalljbrasil aÃ­ tudo bem amor, perdÃ£o",perdÃ£o
352,xlxm__,Brasil,2021-01-15 20:46:11,O nego do Borel tÃ¡ esperando o perdÃ£o da DUDA???????????? esse cara Ã© demente,perdÃ£o
353,ATSUFAIRY,#ğ– ğ–ªğ–´ğ–³ğ– ğ–¦ğ– ğ–¶ğ– : ğ—†ğ—’ ğ—ğ—ˆğ—‹ğ—…ğ–½ ã‚ãªãŸã®ã“ã¨ã‚’ã„ã¤ã‚‚è€ƒãˆã¦ã„ã‚‹  ç§ã¯ã‚ãªãŸã‚’æ„›ã—ã¦ã„ã‚‹ã‚ˆã†ãªèª°ã‹ã‚’æ„›ã—ãŸã“ã¨ã¯ã‚ã‚Šã¾ã›ã‚“ LEIA O CARRD BYF,2021-01-15 20:45:57,Bennett perdÃ£o barbara minha vida https://t.co/srEtIUocrK,perdÃ£o
354,CatarinaLucindo,,2021-01-15 20:45:52,"RT @AkaFigliollo: Quem apertou o 17 nas urnas eletrÃ´nicas em 2018 tem sangue nas mÃ£os! Os votos brancos, nulos e abstÃªmios tbm tem sua parcâ€¦",perdÃ£o
355,augustorb,Curitiba,2021-01-15 20:45:45,PeÃ§o perdÃ£o de antemÃ£o pelo prÃ³ximo tweet,perdÃ£o
356,cIaritz,neverland !,2021-01-15 20:45:39,"@barbobona me perdoa, me desculpa sÃ©rio, nÃ£o era minha intenÃ§Ã£o, eu nÃ£o queria que isso acontecesse, de verdade, poâ€¦ https://t.co/mhct3ipLXG",perdÃ£o
357,gabriel_hostins,,2021-01-15 20:45:36,@druwsantana Kkkkkkkk perdÃ£o por ser cabeludo quando te conheci amigo ğŸ¤ğŸ»,perdÃ£o
358,h81st,,2021-01-15 20:45:29,RT @lfrancobastos: â€œO casamento homossexual deveria ter outro enquadramento jurÃ­dicoâ€ foi uma frase proferida por um candidato Ã  PresidÃªnciâ€¦,perdÃ£o
359,lucianarst,"BrasÃ­lia, Brasil",2021-01-15 20:45:26,@paulonmenezes Pede perdÃ£o ao Senhor,perdÃ£o
360,enjoltairw,27/ela/0/15,2021-01-15 20:45:16,"@marsinfurz sÃ³ vi agora perdÃ£o

exatoooo
eu jÃ¡ li livro clÃ¡ssico"" que achei a escrita mais fluida que livro contempâ€¦ https://t.co/dr4TueopVd",perdÃ£o
361,hsfancys,"hoping iâ€™d see your face again, we took a polaroid.",2021-01-15 20:45:15,perdÃ£o pra quem mandou eu me arrumar eu ainda n fuiğŸ˜ª,perdÃ£o
362,rtacordeiro,"Belo Horizonte, Brasil",2021-01-15 20:44:59,@marcofeliciano Todo mal Ã© o que sai da boca desse homem!! Votei nessa praga! Nem todo Ã¡lcool em gel do mundo conseâ€¦ https://t.co/XjNU0CcTSz,perdÃ£o
363,rafaaaaaaaaelaa,,2021-01-15 20:44:54,@000neymarjr @dressarlima @pedrogasss_ @tuyoboyle perdÃ£o fe!!! vou tentar parar!!,perdÃ£o
364,pqpjenniferr,"Swindon, England",2021-01-15 20:44:52,RT @onurbrunoa: juro q queria mandar coisa em toda paradinha no instagram mas eu n sou criativo perdÃ£o a todos q sigo,perdÃ£o
365,didierchitto,Sul do Mundo,2021-01-15 20:44:46,@fronerse @da_museu @CarlosBolsonaro Por que serÃ¡  ? Ele te achou grosso? Ofendeste Carluxo por dentro?  JÃ¡  tentouâ€¦ https://t.co/nRXE8vEzog,perdÃ£o
366,muriiribeiro,LÃ¡Ã¡Ã¡Ã¡ longe.,2021-01-15 20:44:40,"@shghelena @_RMalta @Maycon_Rj13 Eu nÃ£o queria falar isso dessa forma mas sabe.... vocÃª Ã© burra. Sei lÃ¡, perdÃ£o, maâ€¦ https://t.co/UPJQhpIaBs",perdÃ£o
367,GiovannaMacedo0,,2021-01-15 20:44:36,@Peeh_henrrikke PerdÃ£o :(,perdÃ£o
368,IC30Mbot,Big Data,2021-01-15 20:44:31,"voltando ao assunto de antes, eu acabei de gastar duas unidades de risada com o tweet anterior, agora estou recarregando elas, perdÃ£o",perdÃ£o
369,Inhs22,,2021-01-15 20:44:21,RT @lfrancobastos: â€œO casamento homossexual deveria ter outro enquadramento jurÃ­dicoâ€ foi uma frase proferida por um candidato Ã  PresidÃªnciâ€¦,perdÃ£o
370,CamilaMantov,"Rio de Janeiro, Brasil",2021-01-15 20:44:16,"IrmÃ£o, que benÃ§Ã£o que seu movimento cult crente parede preta descolado tÃ¡ mandando cilindros de oxigÃªnio. Que maldiâ€¦ https://t.co/68CJFlxTjZ",perdÃ£o
371,pedromiguel_08,Onde tu nÃ£o estÃ¡s,2021-01-15 20:44:13,"@bolhinhaa @Backo_0 PeÃ§o perdÃ£o comentadores televisivos, mas jÃ¡ percebi a vossa lÃ³gica :)",perdÃ£o
372,SanctoFabius,,2021-01-15 20:44:10,"RT @surian: NÃ£o curto muito esse papo de ""avivamento"" nÃ£o. Geralmente isso significa adesÃ£o em massa a um grupo social e ter uma missÃ£o espâ€¦",perdÃ£o
373,LegiaoSdv,,2021-01-15 20:44:06,"RT @Adrianalimasdv: Perdoa o que puder ser perdoado. Esquece o que nÃ£o tiver perdÃ£o.
#SextaLegiaoSDV
#SextaImperioDoSdv https://t.co/KSqMMYâ€¦",perdÃ£o
374,OliverQueen_SDV,Terra x ,2021-01-15 20:43:47,"RT @Adrianalimasdv: Perdoa o que puder ser perdoado. Esquece o que nÃ£o tiver perdÃ£o.
#SextaLegiaoSDV
#SextaImperioDoSdv https://t.co/KSqMMYâ€¦",perdÃ£o
375,ca_fej,"Santa Catarina, Brasil",2021-01-15 20:43:25,"PT botou pobre em locais que sÃ³ rico podia estar e isso, meu amigo, nÃ£o tem perdÃ£o! https://t.co/pgsPK8sph8",perdÃ£o
376,siberianwyvern,,2021-01-15 20:43:04,"@gajodopodcast NÃ£o tens perdÃ£o. VÃª o que fizeste! O Sabino que nÃ£o se esconda, assuma a responsabilidade.",perdÃ£o
377,leandroverde22,"SÃ£o Paulo, Brasil",2021-01-15 20:43:03,"Se acontecer do Palmeiras perder hoje, nÃ£o acredito mas, se acontecer nÃ£o ficarei tÃ£o chateado, agora na segunda coâ€¦ https://t.co/V25OnRvaTq",perdÃ£o
378,omarccojr,"Los Angeles, CA",2021-01-15 20:42:36,"@jvrodrigues97 @IRechtenthal ManÃ©, essa mina foi corna e soltou essas parada na mÃ­dia.
Totalmete diferente do q a mâ€¦ https://t.co/cwGj8r4GJw",perdÃ£o
379,solumate4, @wooonieone_,2021-01-15 20:42:22,"@heeseuncow Eita foi a um dia, perdÃ£o ang",perdÃ£o
380,Leesvitale,ela/e Ë’ ğ—·ğ—¼ğ—¼ğ—‡ & ğ—ºğ—¶ğ—»ğ—¶e.,2021-01-15 20:42:18,"@AnnaJessi3012 @m4703086 Agora podem ğŸ¤°ğŸ»

Jurava que seguia vocÃªs, perdÃ£o :(",perdÃ£o
381,MiKAS__A,22194. ,2021-01-15 20:42:09,RT @outgojo: mahito stans meu perfil nÃ£o Ã© seguro pois xingo o mahito sempre que lembro da existÃªncia dele e odeio ele com todo o meu fÃ´legâ€¦,perdÃ£o
382,sasukecolor,Konoha,2021-01-15 20:42:08,"RT @ByakugouNoHime: Narutinho: Iruka-sensei, o que aquela mÃ¡quina faz?

Iruka: ela segura as mariposas, Naru

Narutinho: e pra onde as levaâ€¦",perdÃ£o
383,KUDOUBERRY,shinee world ,2021-01-15 20:41:53,RT @outgojo: mahito stans meu perfil nÃ£o Ã© seguro pois xingo o mahito sempre que lembro da existÃªncia dele e odeio ele com todo o meu fÃ´legâ€¦,perdÃ£o
384,motleycavs,,2021-01-15 20:41:50,"@Joorafa02 perdÃ£o, Ã© que ela Ã© muito linda..",perdÃ£o
385,adeliagomes,"SÃ£o Paulo, Brasil",2021-01-15 20:41:41,"RT @coalacroata: Os governos foram avisados e escolheram deixar as pessoas morrerem asfixiadas. NÃ£o tem desculpas nÃ£o tem perdÃ£o, nÃ£o podeâ€¦",perdÃ£o
386,PhillipsSama,"TucumÃ£, Brasil",2021-01-15 20:41:32,"@ThelmerPeters MEU DEUS, MATHEUS EU IMPLOREI PERDÃƒO, EU PEDI DESCULPAS, QUER Q EU LAMBE SEU PÃ‰?",perdÃ£o
387,NelsonSilvaReal,"Presidente EpitÃ¡cio, Brasil",2021-01-15 20:40:39,eles deveriam me tratar com respeito como irmao e pedir perdao pelas calunias,perdÃ£o
388,MANJIROEMO,ã—ã‹ã—ã€ç§ãŸã¡ã¯äººã‚’æ®ºã—ã¾ã›ã‚“ã€‚ãƒãƒƒãƒ‰ãƒãƒ¼ãƒ‹ãƒƒã‚·ãƒ¥ãŒéƒ½å¸‚ã‚’æ”»æ’ƒã™ã‚‹ã¨ãã€ç§ãŸã¡ã¯å¸¸ã«é€ƒã’é“ã‚’æä¾›ã—ã€ãã‚Œã«å¤§ããªèª‡ã‚Šã‚’æŒã£ã¦ã„ã¾ã™ã€‚,2021-01-15 20:40:37,RT @outgojo: mahito stans meu perfil nÃ£o Ã© seguro pois xingo o mahito sempre que lembro da existÃªncia dele e odeio ele com todo o meu fÃ´legâ€¦,perdÃ£o
389,tsukkinoy,,2021-01-15 20:40:35,RT @outgojo: mahito stans meu perfil nÃ£o Ã© seguro pois xingo o mahito sempre que lembro da existÃªncia dele e odeio ele com todo o meu fÃ´legâ€¦,perdÃ£o
390,f_fkraemer50,"Berlin, Deutschland",2021-01-15 20:40:21,"RT @Adrianalimasdv: Perdoa o que puder ser perdoado. Esquece o que nÃ£o tiver perdÃ£o.
#SextaLegiaoSDV
#SextaImperioDoSdv https://t.co/KSqMMYâ€¦",perdÃ£o
391,fabianodunley,Rio de Janeiro,2021-01-15 20:40:19,Sem perdÃ£o: https://t.co/ivl2QVQnct,perdÃ£o
392,betinhaeedson,Campinas SP,2021-01-15 20:40:12,"ğŸ–¤A vinganÃ§a Ã© pros fracos, o perdÃ£o Ã© pros fortes?â™¥ï¸ â€” TalvezğŸ˜tem horas que uma vinganÃ§a faz bem ğŸ˜‚ğŸ˜‚ğŸ˜‚ https://t.co/dA3lzpBqFU",perdÃ£o
393,raminhosbalaio,"Federal District, Brazil",2021-01-15 20:40:10,@nnafavaretti perdÃ£o ğŸ˜©,perdÃ£o
394,tati001,Pernambuco ,2021-01-15 20:40:07,NÃƒO TEM PERDÃƒO #TriunfoDoAmor045,perdÃ£o
395,cnrabbelo,,2021-01-15 20:40:06,"@lucasbianchi030 @telllesjp Eu sei bb
vc Ã© o melhor de todos inclusive, era meme te amo, perdÃ£o se te ofendi â™¥ï¸",perdÃ£o
396,eai_prado,ğŸ³ï¸â€ğŸŒˆ,2021-01-15 20:40:01,"jÃ¡, me arrependo muito, jÃ¡ pedi perdÃ£o https://t.co/79mFhp4gi0",perdÃ£o
397,joaofernandesf1,natal - rn,2021-01-15 20:39:47,Homem que invadiu CapitÃ³lio fantasiado quer perdÃ£o de Trump https://t.co/FT0hKpUxkW Deixe para Biden que ele serÃ¡ eâ€¦ https://t.co/2NjS6whUDm,perdÃ£o
398,cathlc_luis,ParanÃ¡,2021-01-15 20:38:58,"@_pyrettablaze Nossa, perdÃ£o, achei que fosse no outro post, Ã© sÃ³ uma imagem reflexiva que condiz com muitos momentos meus.",perdÃ£o
399,Qg_Barmys,âœ¨OT7 Fan Account,2021-01-15 20:38:53,@IPurpleYou_Nari @JeonTamyP2 @BTS_twt Com certeza! PerdÃ£o pelo erro novamente! ğŸ’œ,perdÃ£o
